﻿{
  /**
  * Авторство: Kotyarko_O, Ktulho & night_dragon_on
  * Страница на форуме: https://kr.cm/f/t/38834/
  * Описание: скрипт предназначен для блокировки случайного выстрела по союзникам и трупам (уничтоженной технике).
  */
  "safeShot": {
    // true - activation of the addon.
    // true - активация работы дополнения.
    "enabled": true,
    // Disabling locks by holding a key.
    // Отключение блокировок по зажатию клавиши.
    "onHold": true,
    // Addon disable key (for a list of keys see hotkeys.txt);
    // 0 - disables the ability to switch.
    // Клавиша отключения аддона (список клавиш можно посмотреть в hotkeys.txt);
    // 0 - отключает возможность переключения.
    "disableKey": 56,
    // Block shots at allies.
    // Блокировка выстрелов по союзникам.
    "teamShotBlock": true,
    // Unlock shots on allies-timkiller.
    // Разблокировка выстрелов по союзникам-тимкиллерам.
    "teamKillerShotUnblock": false,
    // Block shots on destroyed vehicle.
    // Блокировка выстрелов по уничтоженной технике.
    "deadShotBlock": true,
    // Time to block the shot at the target after its destruction (sec),
    // if the parameter is 0, then the time is unlimited.
    // Время блокировки выстрела по цели после ее уничтожения (сек),
    // если параметр равен 0, то время не ограничено.
    "deadShotBlockTimeOut": 2,
    // Block shots to nowhere.
    // Блокировка выстрелов в никуда.
    "wasteShotBlock": false,
    // Disable notification when enabling/disabling a mods action.
    // Отключить отображение уведомления при включении/отключении действия мода.
    "triggerMessage": false,
    // Notification displayed when the mod action is enabled/disabled.
    // Уведомление, выводимое при включении/отключении действия мода.
    "triggerText": {
      // The notification text when the mod action is enabled.
      // Текст уведомления при включении действия мода.
      "enabled": "SafeShot: enabled",
      // Notification text when a mod action is disabled.
      // Текст уведомления при отключении действия мода.
      "disabled": "SafeShot: disabled"
    },
    // Notification displayed when a shot is blocked (only the player sees it).
    // Уведомление, выводимое при блокировке выстрела (видит только игрок).
    "clientMessages": {
      // The notification text when blocking a shot at allies;
      // Empty value - notification will not be displayed.
      // Текст уведомления при блокировке выстрела по союзникам;
      // Пустое значение - уведомление выводиться не будет.
      "teamShotBlockedMessage": "Team shot blocked!",
      // The text of the notification when the shot is blocked by the destroyed equipment;
      // Empty value - notification will not be displayed.
      // Текст уведомления при блокировке выстрела по уничтоженной технике;
      // Пустое значение - уведомление выводиться не будет.
      "deadShotBlockedMessage": "Dead shot blocked!",
      // The notification text when blocking a shot to nowhere;
      // Empty value - notification will not be displayed.
      // Текст уведомления при блокировке выстрела в никуда;
      // Пустое значение - уведомление выводиться не будет.
      "wasteShotBlockedMessage": "Waste shot blocked!"
    },
    // Message displayed when blocking a shot at allies (sent to chat);
    // Empty value - the message will not be displayed.
    // Available macros: {{target-name}}, {{target-vehicle}}
    // Example: "[{{target-vehicle}}], don't bother me shoot!"
    // Сообщение, выводимое при блокировке выстрела по союзникам (отправляется в чат);
    // Пустое значение - сообщение выводиться не будет.
    // Доступные макросы: {{target-name}}, {{target-vehicle}}
    // Пример: "[{{target-vehicle}}], не мешай стрелять!"
    "chatMessages": {
      "teamShotBlockedMessage": ""
    }
  }
}