﻿{
  /**
  * Авторство: night_dragon_on
  * Страница на форуме: https://kr.cm/f/t/38834/
  * Описание: скрипт предназначен для отключения подсказок в бою.
  */
  "noBattleHint": {
    // true - activation of the addon.
    // true - активация работы дополнения.
    "enabled": true,
    // true - hide the hint of aiming mode changing in strategic mode.
    // true - скрыть подсказку смены режима прицеливания в стратегическом режиме.
    "hideTrajectoryView": false,
    // true - hide the hint about switching to siege mode and changing the driving mode (for wheeled vehicles).
    // true - скрыть подсказку перехода в осадный режим и смены режима движения (для колесной техники).
    "hideSiegeIndicator": false,
    // true - hide the hint about switching to menu Personal Missions.
    // true - скрыть подсказку перехода в меню ЛБЗ.
    "hideQuestProgress": false,
    // true - hide the hint of the transition to the window of exploring the features of the machine (for wheeled vehicles).
    // true - скрыть подсказку перехода к окну знакомства с особенностями машины (для колесной техники).
    "hideHelpScreen": false,
    // true - hide the hint about new battle communication.
    // true - скрыть подсказку о новой коммуникации в бою.
    "hideBattleCommunication": false,
    // true - hide the tips about radar activation ("Steel Hunter" mode).
    // true - скрыть подсказку активации радара (режим "Стальной охотник").
    "hideRadarHint": false
  }
}