﻿{
  /**
  * Авторство: night_dragon_on
  * Страница на форуме: https://kr.cm/f/t/45524/
  * Описание: скрипт предназначен для отключения элементов интерфейса в ангаре.
  */
  "hideHangarElements": {
    // true - activation of the addon.
    // true - активация работы дополнения.
    "enabled": true,
    // false - disable display "Referral Program" button.
    // false - отключить отображение кнопки "Реферальная программа".
    "showReferralButton": true,
    // false - disable display "General chat" button.
    // false - отключить отображение кнопки "Общий чат".
    "showGeneralChatButton": true,
    // false - disable display promo of premium vehicle (on the background in the hangar).
    // false - отключить отображение рекламы премиум техники (на фоне в ангаре).
    "showPromoPremVehicle": true,
    // true - show info windows with the battle results in the "Ranked battle" mode.
    // true - показывать информационные окна результатов боя в режиме "Ранговый бой".
    "showRankedBattleResults": true,
    // false - disable display pop-up window about the opening of the "Piggy Bank" at the entrance to the hangar.
    // false - отключить отображение всплывающего окна об открытии "Резервного хранилища" при входе в ангар.
    "showPiggyBankWindow": true,
    // false - disable display pop-up widget "Daily Quests" in the hangar.
    // false - отключить отображение виджета "Ежедневные задачи" в ангаре.
    "showDailyQuestWidget": true,
    // "Combat Intelligence" - show/hide notifications in the main window and counters in the menu.
    // "Полевая почта" - показывать/прятать уведомления в главном окне и счетчики в меню.
    "combatIntelligence": {
      // false - disable display pop-up messages in the hangar.
      // false - отключить отображение всплывающих сообщений в ангаре.
      "showPopUpMessages": true,
      // false - disable display unread notifications counter in the menu.
      // false - отключить отображение счетчика непрочитанных уведомлений в меню.
      "showUnreadCounter": true
    },
    // Parameters of the "Session statistics" button.
    // Параметры кнопки "Сессионная статистика".
    "sessionStatsButton": {
      // false - disable display "Session statistics" button.
      // false - отключить отображение кнопки "Сессионная статистика".
      "showButton": true,
      // false - disable display the counter of spent battles on the button.
      // false - отключить отображение счетчика проведенных боев на кнопке.
      "showBattleCount": true
    }
  }
}